Region,Label,Center_eV,FWHM_eV,Area_fraction,Eta
B1s,B-def,189.87,1.3,0.2315,0.47369318724245396
B1s,B–N,190.37,1.1,0.5727,0.0
B1s,B-ox,191.09,1.3,0.1958,0.8930962784524898
