Component,Center (eV),Approx. FWHM (eV),Relative area fraction
Lattice B-N,190.2713968323418,1.25,0.7355697736168898
Defect / oxidized B shoulder,190.7119103501408,1.450000000000017,0.26443022638311026
