Region,Label,Center_eV,FWHM_eV,Area_fraction,Eta
O1s,O-lat,530.37,,0.0041,8.910803390388307e-14
O1s,O-ads,532.6,,0.7565,0.03666997478160091
O1s,H2O/O,533.34,,0.2394,0.9999999999999856
