Route,SSE_complex
Classical,124.43184884094836
Continuous_branch,124.51065267174963
Discrete_branch,150.10852147472232
