Route,SSE_complex
Classical,124.43184884094785
Continuous_branch,124.5106526717496
Discrete_branch,150.10852147472232
