Parameter,Classical,Continuous_branch,Discrete_branch,Absolute_deviation_continuous,Absolute_deviation_discrete,Relative_deviation_continuous_percent,Relative_deviation_discrete_percent,Unit
L,1.8280517419051478e-07,1.86949039e-07,1.8522635e-07,4.143864809485218e-09,2.4211758094852127e-09,2.2668203062822445,1.3244569363019925,H
Rs,1.329376845309407,1.35875136,1.27792466,0.029374514690593045,0.051452185309406984,2.209645428550867,3.870398788045063,Ohm
R1,33.99267145911862,33.8462246,35.3612945,0.146446859118619,1.3686230408813813,0.4308189172326267,4.026229719918776,Ohm
Q1,0.0033129662310188743,0.00329950223,0.00353824936,1.3464001018874145e-05,0.00022528312898112586,0.4064032072772866,6.800043021019323,S·s^alpha
alpha1,0.8743619410393955,0.876651483,0.860561941,0.002289541960604491,0.01380000003939541,0.2618528841594825,1.5782937696248187,-
Q2,0.00231492057518797,0.00231450321,0.00234558071,4.1736518797009375e-07,3.066013481203009e-05,0.018029352386580433,1.3244573114367222,S·s^alpha
alpha2,0.915231250760954,0.915092829,0.913259822,0.0001384217609540217,0.0019714287609540193,0.015124238911087573,0.21540225591236173,-
