descriptor_axis,PC1,PC2
descriptor_1,0.67413005265545,-0.20542327134811406
descriptor_2,-0.054851472612885144,0.8847865691246061
descriptor_3,0.6442147025784827,0.06090468417589234
descriptor_4,-0.35710979409794297,-0.41381714093399163
