domain,descriptor_1,descriptor_2,descriptor_3,descriptor_4
TEM,-0.6343364046413779,-0.40312427419976654,-0.39081627580357237,2.2237498084231366
Raman,-0.6178173951735286,2.2325310024755463,0.11726283577347003,-0.29581262952585075
XPS,-0.6354116644614204,-0.4944353195946623,-0.6569164981032041,-0.4669114808821262
CV,-0.6293019287732284,-0.4952806772931038,-0.6217469126302989,-0.5326261988076003
GCD,2.048635997830676,-0.3457284115458969,2.156455298665953,-0.5960554738838942
EIS,0.46823139521887974,-0.493962319842116,-0.604238447902348,-0.3323440253236652
