domain,PC1,PC2,explained_variance_ratio_PC1,explained_variance_ratio_PC2
TEM,-1.4514057008672574,-1.1703998138462135,0.5022416615366255,0.2791240843041586
Raman,-0.3577668561866249,2.231781709137879,0.5022416615366255,0.2791240843041586
XPS,-0.6576861970743472,-0.15373470507078554,0.5022416615366255,0.2791240843041586
CV,-0.6073969380857044,-0.12640187891558602,0.5022416615366255,0.2791240843041586
GCD,3.002088261990359,-0.34873716263111326,0.5022416615366255,0.2791240843041586
EIS,0.07216743022357598,-0.43250814867418086,0.5022416615366255,0.2791240843041586
