domain,descriptor_1,descriptor_2,descriptor_3,descriptor_4
TEM,-0.511671986378269,-0.419202057487494,-0.3908162758022581,2.2237498081625087
Raman,-0.5066902422635652,2.228158973104324,0.11726283577445797,-0.2958126306221482
XPS,-0.511996259409859,-0.5109186432566507,-0.6569164981017188,-0.4669114820358369
CV,-0.5101537070547033,-0.5117677554480555,-0.6217469126288367,-0.532626199983124
GCD,2.2196757057575787,-0.27582697412211316,2.1564552986656316,-0.5960554750804713
EIS,-0.1791635106511821,-0.5104435427900108,-0.6042384479072753,-0.33234402044092853
