J_A_g^-1,window_start_s,window_end_s,retained_window_length_s,mask_points,V0_base_V,Rs_base_ohm,effective_IR_drop_base_mV,Csp_base_F_g^-1,A_base,tau_base_s,Csp_CI2.5_F_g^-1,Csp_median_F_g^-1,Csp_CI97.5_F_g^-1,IRdrop_CI2.5_mV,IRdrop_median_mV,IRdrop_CI97.5_mV,A_CI2.5,A_median,A_CI97.5,tau_CI2.5_s,tau_median_s,tau_CI97.5_s
1,1.020404070033699,10.1904039400397,9.169999870006,918,0.2808998495376823,0.00986700312913102,9.86700312913102,82.08268396494205,0.0,9.0,80.3129952282356,82.11277905247866,84.47052639463416,9.86700312913102,9.86700312913102,9.86700312913102,0.0,0.0,0.0,9.0,9.0,9.0
2,0.6164643500233069,5.126464340020903,4.509999989997596,4511,0.2837189520967451,0.009732716467688456,19.465432935376914,80.75702396739435,0.0,9.0,80.20990188044964,80.74670051650878,81.19577048147131,19.465432935376914,19.465432935376914,19.465432935376914,0.0,0.0,0.0,9.0,9.0,9.0
3,0.4754521000440088,3.3884520500440085,2.9129999499999997,2914,0.2888111214176615,0.009627444607500105,28.882333822500314,76.6425806985272,0.0,9.0,76.17881501183567,76.63791828889543,77.05125729670256,28.882333822500314,28.882333822500314,28.882333822500314,0.0,0.0,0.0,9.0,9.0,9.0
4,0.410445009940986,2.5074450100079853,2.0970000000669993,2098,0.2940145966772055,0.009465826381994863,37.86330552797945,71.8581587139351,0.0,9.0,71.41374029367795,71.90173617620096,72.27242579298996,37.86330552797945,37.86330552797945,37.86330552797945,0.0,0.0,0.0,9.0,9.0,9.0
5,0.4004157399759833,1.9744157999519985,1.574000059976015,1575,0.2978504356018702,0.009339393602113992,46.69696801056996,66.63859685454328,0.0,9.0,65.89827369558307,66.62799103208224,67.15924219289856,46.69696801056996,46.69696801056996,46.69696801056996,0.0,0.0,0.0,9.0,9.0,9.0
