J_A_g^-1,Csp_base_F_g^-1,Csp_median_F_g^-1,Csp_CI2.5_F_g^-1,Csp_CI97.5_F_g^-1,IRdrop_base_mV,IRdrop_median_mV,IRdrop_CI2.5_mV,IRdrop_CI97.5_mV,A_median,A_CI2.5,A_CI97.5,tau_median_s,tau_CI2.5_s,tau_CI97.5_s
1,82.08268396494205,82.11277905247866,80.3129952282356,84.47052639463416,9.86700312913102,9.86700312913102,9.86700312913102,9.86700312913102,0.0,0.0,0.0,9.0,9.0,9.0
2,80.75702396739435,80.74670051650878,80.20990188044964,81.19577048147131,19.465432935376914,19.465432935376914,19.465432935376914,19.465432935376914,0.0,0.0,0.0,9.0,9.0,9.0
3,76.6425806985272,76.63791828889543,76.17881501183567,77.05125729670256,28.882333822500314,28.882333822500314,28.882333822500314,28.882333822500314,0.0,0.0,0.0,9.0,9.0,9.0
4,71.8581587139351,71.90173617620096,71.41374029367795,72.27242579298996,37.86330552797945,37.86330552797945,37.86330552797945,37.86330552797945,0.0,0.0,0.0,9.0,9.0,9.0
5,66.63859685454328,66.62799103208224,65.89827369558307,67.15924219289856,46.69696801056996,46.69696801056996,46.69696801056996,46.69696801056996,0.0,0.0,0.0,9.0,9.0,9.0
