J_A_g^-1,Residual_mean_mV,Residual_std_mV,Residual_max_abs_mV,N_points,window_start_s,window_end_s
1,-8.024488198013927e-14,1.6635087064453862,3.233555878868394,719,2.4804034200497043,9.6604039300001
2,1.7281567819925824e-13,0.860092927113321,1.5194958938569703,3308,1.2944641800132075,4.6014641399960965
3,-3.3087748553459355e-14,0.6189293485771534,1.2622034159303352,2004,0.8774522900350088,2.8804520800480016
4,-2.2571680448989012e-14,0.5498290789448477,1.553910841721018,1115,1.1114450099420026,2.2254454100039998
5,1.3254392263782115e-13,0.9148141738027975,2.1431307546913025,731,1.0114155699269816,1.741415560012996
