J_A_g^-1,Csp_base_F_g^-1,Csp_median_F_g^-1,Csp_CI2.5_F_g^-1,Csp_CI97.5_F_g^-1,IRdrop_base_mV,IRdrop_median_mV,IRdrop_CI2.5_mV,IRdrop_CI97.5_mV,A_median,A_CI2.5,A_CI97.5,tau_median_s,tau_CI2.5_s,tau_CI97.5_s
1,86.680364852225,86.7477332637856,86.53674282576921,90.63966113020699,9.86700312913102,9.866927910429967,9.83059460030345,9.890377182579085,3.2997702214881616e-05,2.8227424172455012e-14,0.005200840964511505,8.971292838293767,0.00010629696752681995,8.999999999999076
2,276.0344470595303,264.0322101826214,111.8795560054563,292.955682659003,19.465432935376914,19.465189695492228,19.424628965032774,19.49903939024815,0.15692964575850307,0.021397562710285915,0.16472948526329056,8.999996915425946,2.8654638784081037,8.999999994760719
3,81.85470508582974,81.88833525864675,81.76263774854056,84.3593349623573,28.882333822500314,28.88073420880672,28.770868184968702,28.92889990233197,1.6961444008780874e-06,4.3146785141896733e-16,0.01096311318979298,8.999120638149202,0.00010055606891964247,8.999999999999996
4,76.19468812875888,76.36375205926868,76.0466276512466,86.28803607650342,37.86330552797945,37.858977387061046,37.22707015760557,37.949614949327696,0.0004418506261788852,1.0589534633492823e-17,0.06039735944408344,3.3648237526662315,0.00010000012036354544,8.999999999999998
5,71.00830527405118,71.2822246700737,70.76544991416131,99.87318837608575,46.69696801056996,46.69172681771859,46.36411534855771,46.921500061593306,0.0007004022187795853,8.836058901402135e-16,0.18977451776535315,8.997038922918408,0.00010018048172324729,8.999999999999998
