J_A_g^-1,V0,Rs,Csp_F_g^-1,A,tau_s,effective_IR_drop_mV,mask_points,window_start_s,window_end_s,window_selection_method,flatness_score
1,0.2537316398228566,0.00986700312913102,99.0876457235766,0.0,9.0,9.86700312913102,719,2.4804034200497043,9.6604039300001,flattest_linear_post_ir_window,0.4090083896037332
2,0.2618697187305725,0.009732716467688456,90.02908328210498,0.0,9.0,19.465432935376914,3308,1.2944641800132075,4.6014641399960965,flattest_linear_post_ir_window,0.29762326375099735
3,0.27043949295636277,0.009627444607500105,82.62651540927513,0.0,9.0,28.882333822500314,2004,0.8774522900350088,2.8804520800480016,flattest_linear_post_ir_window,0.26810488948177175
4,0.25784446681840734,0.009465826381994863,70.89006794626557,0.0,9.0,37.86330552797945,1115,1.1114450099420026,2.2254454100039998,flattest_linear_post_ir_window,0.2966933910250072
5,0.2578480005956012,0.009339393602113992,61.27702420765139,0.0,9.0,46.69696801056996,731,1.0114155699269816,1.741415560012996,flattest_linear_post_ir_window,0.3329790938609002
