J_A_g^-1,V0,Rs,Csp_F_g^-1,A,tau_s,effective_IR_drop_mV,mask_points,window_start_s,window_end_s
1,0.24742162692463088,0.00986700312913102,86.680364852225,6.3226138863734145e-09,8.999999995913857,9.86700312913102,250,3.2604038499994985,5.7504040000495
2,0.2555734027400202,0.009732716467688456,276.0344470595303,0.16033741801305162,8.999999959540018,19.465432935376914,2500,1.638463709969102,4.1374642299488045
3,0.2774363180109869,0.009627444607500105,81.85470508582974,3.3918357442403824e-12,8.999999999917563,28.882333822500314,2500,0.6904520799880056,3.189452260034997
4,0.2776367766361382,0.009465826381994863,76.19468812875888,8.292266865574596e-12,8.999999999894902,37.86330552797945,1500,0.6874453800269862,2.1864450599539964
5,0.28274945100857357,0.009339393602113992,71.00830527405118,4.672514327058256e-15,8.999999999999817,46.69696801056996,1079,0.6004155599509886,1.6784150699389784
