J_A_g^-1,Residual_mean_mV,Residual_std_mV,Residual_max_abs_mV,N_points,window_start_s,window_end_s
1,1.8006008461135538e-08,0.13327573085560201,0.27696534201096523,250,3.2604038499994985,5.7504040000495
2,1.237897549799527e-09,0.4835843314471764,1.0620409372534,2500,1.638463709969102,4.1374642299488045
3,2.1764342363894685e-10,0.8429657805094365,3.8720385485733755,2500,0.6904520799880056,3.189452260034997
4,3.278488520663814e-10,1.3854757869105065,2.9203192697221656,1500,0.6874453800269862,2.1864450599539964
5,-1.0009499150652014e-14,2.0516290983514254,4.420830124443887,1079,0.6004155599509886,1.6784150699389784
