scan_rate_mV_s,QKPCA1,QKPCA2
5.0,-0.29950494403699673,-0.013007739856413484
10.0,-0.21097182800754108,0.015446802978690692
20.0,-0.05468523332779365,0.010053175926545614
30.0,0.07695396346703313,-0.00937996700446759
40.0,0.19180029930061873,-0.014884651176046315
50.0,0.2964077426046796,0.011772379131677752
