scan_rate_mV_s,fractional_capacitive_fcap
5.0,0.28707399040276227
10.0,0.3879049414506259
20.0,0.49429601648827803
30.0,0.5609302429042357
40.0,0.6162787446860211
50.0,0.6688686990717141
