Scan_rate_mV_s,Anodic_peak_potential_V_vs_NHE,Anodic_peak_current_mA,Total_anodic_charge_Qtot_mC,Capacitive_charge_Qcap_mC,Diffusion_influenced_charge_Qdiff_mC,Capacitive_fraction_chi_cap
5,0.294733315706253,1.436554826796,32.807746480190595,9.418250698190496,23.389495782000097,0.2870739904027624
10,0.29169425368309,2.4827718734740998,24.24690166872847,9.405492972167202,14.841408696561267,0.387904941450626
20,0.292656749486923,4.7925356775522,18.824971129175943,9.305108239658512,9.51986288951743,0.4942960164882782
30,0.296612560749054,6.6889030858874,16.45604234292827,9.23069182866114,7.225350514267131,0.5609302429042355
40,0.298582524061203,8.0831153318285,14.931533128343311,9.201986492573154,5.729546635770157,0.6162787446860212
50,0.299536794424057,9.0651968494057,13.759896195821728,9.203563867861108,4.55633232796062,0.6688686990717142
